Data Import Template,,,,,,,,,,,,,,,,,,,,,,,,,,,,,,,,,,,,,,,,,,,,,,,,,,,,,,,,,,,,,,,,,,,,,,,,,,,,,,,,,,,,,,,,,,,,,,,,,,,,,,,,,,,,,,,,,,,,,,,,,,,,,,,,,,
Table:,Item,,,,,,,,,,,,,,,,,,,,,,,,,,,,,,,,,,,,,,,,,,,,,,,,,,,,,,,,,,,,,,,,,,,,,,,,,,,,,,,,,,,,,,,,,,,,,,,,,,,,,,,,,,,,,,,,,,,,,,,,,,,,,,,,,
,,,,,,,,,,,,,,,,,,,,,,,,,,,,,,,,,,,,,,,,,,,,,,,,,,,,,,,,,,,,,,,,,,,,,,,,,,,,,,,,,,,,,,,,,,,,,,,,,,,,,,,,,,,,,,,,,,,,,,,,,,,,,,,,,,
,,,,,,,,,,,,,,,,,,,,,,,,,,,,,,,,,,,,,,,,,,,,,,,,,,,,,,,,,,,,,,,,,,,,,,,,,,,,,,,,,,,,,,,,,,,,,,,,,,,,,,,,,,,,,,,,,,,,,,,,,,,,,,,,,,
Notes:,,,,,,,,,,,,,,,,,,,,,,,,,,,,,,,,,,,,,,,,,,,,,,,,,,,,,,,,,,,,,,,,,,,,,,,,,,,,,,,,,,,,,,,,,,,,,,,,,,,,,,,,,,,,,,,,,,,,,,,,,,,,,,,,,,
Please do not change the template headings.,,,,,,,,,,,,,,,,,,,,,,,,,,,,,,,,,,,,,,,,,,,,,,,,,,,,,,,,,,,,,,,,,,,,,,,,,,,,,,,,,,,,,,,,,,,,,,,,,,,,,,,,,,,,,,,,,,,,,,,,,,,,,,,,,,
First data column must be blank.,,,,,,,,,,,,,,,,,,,,,,,,,,,,,,,,,,,,,,,,,,,,,,,,,,,,,,,,,,,,,,,,,,,,,,,,,,,,,,,,,,,,,,,,,,,,,,,,,,,,,,,,,,,,,,,,,,,,,,,,,,,,,,,,,,
"If you are uploading new records, leave the ""name"" (ID) column blank.",,,,,,,,,,,,,,,,,,,,,,,,,,,,,,,,,,,,,,,,,,,,,,,,,,,,,,,,,,,,,,,,,,,,,,,,,,,,,,,,,,,,,,,,,,,,,,,,,,,,,,,,,,,,,,,,,,,,,,,,,,,,,,,,,,
"If you are uploading new records, ""Naming Series"" becomes mandatory, if present.",,,,,,,,,,,,,,,,,,,,,,,,,,,,,,,,,,,,,,,,,,,,,,,,,,,,,,,,,,,,,,,,,,,,,,,,,,,,,,,,,,,,,,,,,,,,,,,,,,,,,,,,,,,,,,,,,,,,,,,,,,,,,,,,,,
Only mandatory fields are necessary for new records. You can delete non-mandatory columns if you wish.,,,,,,,,,,,,,,,,,,,,,,,,,,,,,,,,,,,,,,,,,,,,,,,,,,,,,,,,,,,,,,,,,,,,,,,,,,,,,,,,,,,,,,,,,,,,,,,,,,,,,,,,,,,,,,,,,,,,,,,,,,,,,,,,,,
"For updating, you can update only selective columns.",,,,,,,,,,,,,,,,,,,,,,,,,,,,,,,,,,,,,,,,,,,,,,,,,,,,,,,,,,,,,,,,,,,,,,,,,,,,,,,,,,,,,,,,,,,,,,,,,,,,,,,,,,,,,,,,,,,,,,,,,,,,,,,,,,
You can only upload upto 5000 records in one go. (may be less in some cases),,,,,,,,,,,,,,,,,,,,,,,,,,,,,,,,,,,,,,,,,,,,,,,,,,,,,,,,,,,,,,,,,,,,,,,,,,,,,,,,,,,,,,,,,,,,,,,,,,,,,,,,,,,,,,,,,,,,,,,,,,,,,,,,,,
,,,,,,,,,,,,,,,,,,,,,,,,,,,,,,,,,,,,,,,,,,,,,,,,,,,,,,,,,,,,,,,,,,,,,,,,,,,,,,,,,,,,,,,,,,,,,,,,,,,,,,,,,,,,,,,,,,,,,,,,,,,,,,,,,,
DocType:,Item,,,,,,,,,,,,,,,,,,,,,,,,,,,,,,,,,,,,,,,,,,,,,,,,,,,,,,,,,,,,,,,,,,,,,,,,,,,,,~,Item Barcode,barcodes,,~,Item Reorder,reorder_levels,,,,,~,UOM Conversion Detail,uoms,,~,Item Variant Attribute,attributes,,,,,,~,Item Default,item_defaults,,,,,,,,~,Item Supplier,supplier_items,,~,Item Customer Detail,customer_items,,,~,Item Tax,taxes,,~,Website Item Group,website_item_groups,~,Item Website Specification,website_specifications,
Column Labels:,ID,Series,Item Group,HSN/SAC,Default Unit of Measure,Variant Of,Item Name,Barcode,Is Item from Hub,Disabled,Allow Alternative Item,Maintain Stock,Allow Transfer for Manufacture,Opening Stock,Valuation Rate,Standard Selling Rate,Is Fixed Asset,Asset Category,Asset Naming Series,Allow over delivery or receipt upto this percent,Brand,Description,Shelf Life In Days,End of Life,Default Material Request Type,Valuation Method,Warranty Period (in days),Weight Per Unit,Weight UOM,Has Batch No,Automatically Create New Batch,Batch Number Series,Has Expiry Date,Retain Sample,Max Sample Quantity,Has Serial No,Serial Number Series,Has Variants,Variant Based On,Is Purchase Item,Default Purchase Unit of Measure,Minimum Order Qty,Safety Stock,Lead Time in days,Last Purchase Rate,Delivered by Supplier (Drop Ship),Manufacturer,Manufacturer Part Number,Country of Origin,Customs Tariff Number,Default Sales Unit of Measure,Is Sales Item,Max Discount (%),Deferred Revenue Account,Enable Deferred Revenue,No of Months,Deferred Expense Account,Enable Deferred Expense,No of Months,Inspection Required before Purchase,Inspection Required before Delivery,Quality Inspection Template,Default BOM,Supply Raw Materials for Purchase,Show in Website,Show in Website (Variant),Route,Weightage,Slideshow,Image,Thumbnail,Website Warehouse,Website Description,Publish in Hub,Hub Category to Publish,Hub Warehouse,Synced With Hub,,ID,Barcode,Barcode Type,,ID,Request for,Re-order Level,Material Request Type,Check in (group),Re-order Qty,,ID,UOM,Conversion Factor,,ID,Attribute,Attribute Value,Numeric Values,From Range,Increment,To Range,,ID,Company,Default Warehouse,Default Price List,Default Buying Cost Center,Default Supplier,Default Expense Account,Default Selling Cost Center,Default Income Account,,ID,Supplier,Supplier Part Number,,ID,Ref Code,Customer Name,Customer Group,,ID,Tax,Tax Rate,,ID,Item Group,,ID,Label,Description
Column Name:,name,naming_series,item_group,gst_hsn_code,stock_uom,variant_of,item_name,barcode,is_item_from_hub,disabled,allow_alternative_item,is_stock_item,allow_transfer_for_manufacture,opening_stock,valuation_rate,standard_rate,is_fixed_asset,asset_category,asset_naming_series,tolerance,brand,description,shelf_life_in_days,end_of_life,default_material_request_type,valuation_method,warranty_period,weight_per_unit,weight_uom,has_batch_no,create_new_batch,batch_number_series,has_expiry_date,retain_sample,sample_quantity,has_serial_no,serial_no_series,has_variants,variant_based_on,is_purchase_item,purchase_uom,min_order_qty,safety_stock,lead_time_days,last_purchase_rate,delivered_by_supplier,manufacturer,manufacturer_part_no,country_of_origin,customs_tariff_number,sales_uom,is_sales_item,max_discount,deferred_revenue_account,enable_deferred_revenue,no_of_months,deferred_expense_account,enable_deferred_expense,no_of_months_exp,inspection_required_before_purchase,inspection_required_before_delivery,quality_inspection_template,default_bom,is_sub_contracted_item,show_in_website,show_variant_in_website,route,weightage,slideshow,website_image,thumbnail,website_warehouse,web_long_description,publish_in_hub,hub_category_to_publish,hub_warehouse,synced_with_hub,~,name,barcode,barcode_type,~,name,warehouse,warehouse_reorder_level,material_request_type,warehouse_group,warehouse_reorder_qty,~,name,uom,conversion_factor,~,name,attribute,attribute_value,numeric_values,from_range,increment,to_range,~,name,company,default_warehouse,default_price_list,buying_cost_center,default_supplier,expense_account,selling_cost_center,income_account,~,name,supplier,supplier_part_no,~,name,ref_code,customer_name,customer_group,~,name,tax_type,tax_rate,~,name,item_group,~,name,label,description
Mandatory:,Yes,Yes,Yes,Yes,Yes,No,No,No,No,No,No,No,No,No,No,No,No,No,No,No,No,No,No,No,No,No,No,No,No,No,No,No,No,No,No,No,No,No,No,No,No,No,No,No,No,No,No,No,No,No,No,No,No,No,No,No,No,No,No,No,No,No,No,No,No,No,No,No,No,No,No,No,No,No,No,No,No,,Yes,Yes,No,,Yes,Yes,Yes,Yes,No,No,,Yes,No,No,,Yes,Yes,No,No,No,No,No,,Yes,Yes,No,No,No,No,No,No,No,,Yes,No,No,,Yes,Yes,No,No,,Yes,Yes,No,,Yes,Yes,,Yes,No,No
Type:,Data,Select,Link,Link,Link,Link,Data,Data,Check,Check,Check,Check,Check,Float,Currency,Currency,Check,Link,Select,Float,Link,Text Editor,Int,Date,Select,Select,Data,Float,Link,Check,Check,Data,Check,Check,Int,Check,Data,Check,Select,Check,Link,Float,Float,Int,Float,Check,Link,Data,Link,Link,Link,Check,Float,Link,Check,Int,Link,Check,Int,Check,Check,Link,Link,Check,Check,Check,Small Text,Int,Link,Attach,Data,Link,Text Editor,Check,Data,Link,Check,,Data,Data,Select,,Data,Link,Float,Select,Link,Float,,Data,Link,Float,,Data,Link,Data,Check,Float,Float,Float,,Data,Link,Link,Link,Link,Link,Link,Link,Link,,Data,Link,Data,,Data,Data,Link,Link,,Data,Link,Float,,Data,Link,,Data,Data,Text Editor
Info:,,One of: STO-ITEM-.YYYY.-,Valid Item Group,Valid GST HSN Code,Valid UOM,Valid Item,,,0 or 1,0 or 1,0 or 1,0 or 1,0 or 1,,,,0 or 1,Valid Asset Category,,,Valid Brand,,Integer,dd-mm-yyyy,"One of: Purchase, Material Transfer, Material Issue, Manufacture","One of: FIFO, Moving Average",,,Valid UOM,0 or 1,0 or 1,,0 or 1,0 or 1,Integer,0 or 1,,0 or 1,"One of: Item Attribute, Manufacturer",0 or 1,Valid UOM,,,Integer,,0 or 1,Valid Manufacturer,,Valid Country,Valid Customs Tariff Number,Valid UOM,0 or 1,,Valid Account,0 or 1,Integer,Valid Account,0 or 1,Integer,0 or 1,0 or 1,Valid Quality Inspection Template,Valid BOM,0 or 1,0 or 1,0 or 1,,Integer,Valid Website Slideshow,,,Valid Warehouse,,0 or 1,,Valid Warehouse,0 or 1,,,,"One of: EAN, UPC-A",,,Valid Warehouse,,"One of: Purchase, Transfer, Material Issue, Manufacture",Valid Warehouse,,,,Valid UOM,,,,Valid Item Attribute,,0 or 1,,,,,,Valid Company,Valid Warehouse,Valid Price List,Valid Cost Center,Valid Supplier,Valid Account,Valid Cost Center,Valid Account,,,Valid Supplier,,,,,Valid Customer,Valid Customer Group,,,Valid Account,,,,Valid Item Group,,,,
Start entering data below this line,,,,,,,,,,,,,,,,,,,,,,,,,,,,,,,,,,,,,,,,,,,,,,,,,,,,,,,,,,,,,,,,,,,,,,,,,,,,,,,,,,,,,,,,,,,,,,,,,,,,,,,,,,,,,,,,,,,,,,,,,,,,,,,,,,
,"""10001""",STO-ITEM-.YYYY.-,SERVICE ITEM,998525,Nos,,GUARD SERVICES,,0,0,0,0,0,0,0,0,0,,,10000,,GUARD SERVICES,0,31-12-2099,Purchase,,,0,,0,0,,0,0,0,0,,0,Item Attribute,0,,0,0,0,0,0,,,India,,Day,1,0,,0,0,,0,0,0,0,,,0,0,0,,0,,,,,,0,,,0,,,,,,,,,,,,,"""0b2ade074a""",Hour,24,,,,,,,,,,"""df0fd6851a""",LMC Security Force pvt ltd.,,Customer wise price list 31 days,,,,,Sales - LMC,,,,,,"""b11da1bff2""",998525,aam services india pvt ltd,All Customer Groups,,"""5b600bb6a4""",CGST - LMC,9,,,,,,,
,,,,,,,,,,,,,,,,,,,,,,,,,,,,,,,,,,,,,,,,,,,,,,,,,,,,,,,,,,,,,,,,,,,,,,,,,,,,,,,,,,,,,,,,,,"""b4d1dfd6cf""",Nos,1,,,,,,,,,,,,,,,,,,,,,,,,,,,,,"""661394dfe4""",SGST - LMC,9,,,,,,,
,,,,,,,,,,,,,,,,,,,,,,,,,,,,,,,,,,,,,,,,,,,,,,,,,,,,,,,,,,,,,,,,,,,,,,,,,,,,,,,,,,,,,,,,,,,,,,,,,,,,,,,,,,,,,,,,,,,,,,,,,"""bef11bdb44""",IGST - LMC,18,,,,,,,
,"""AC0003""",STO-ITEM-.YYYY.-,ACCESSORIES,998525,Nos,,ACCESSORIES Whistle,,0,0,0,1,1,375,7,10,0,,,0,,ACCESSORIES Whistle,0,31-12-2099,Purchase,,,0,,0,0,,0,0,0,0,,0,Item Attribute,1,,0,0,0,0,0,,,India,,,1,0,,0,0,,0,0,0,0,,,0,0,0,,0,,,,,,0,,,0,,,,,,,,,,,,,"""ee3d00d933""",Nos,1,,,,,,,,,,"""114d1c4c48""",LMC Security Force pvt ltd.,Stores - LMC,customer wise price list,,,,,Sales - LMC,,,,,,,,,,,,,,,,,,,,
,"""SG0007""",STO-ITEM-.YYYY.-,Consumable,998525,Nos,,SECURITY GUARD UNIFORM Size 40,,0,0,0,1,1,1,575,650,0,,,0,,SG0007,0,31-12-2099,Purchase,,,0,,0,0,,0,0,0,0,,0,Item Attribute,1,,0,20,0,0,0,,,India,,,1,0,,0,0,,0,0,0,0,,,0,0,0,,0,,,,,,0,,,0,,,,,,,,,,,,,"""5c6a667b6b""",Nos,1,,,,,,,,,,"""6f65dc155e""",LMC Security Force pvt ltd.,Stores - LMC,Standard Buying,,,,,Sales - LMC,,,,,,,,,,,,,,,,,,,,
,"""AC0001""",STO-ITEM-.YYYY.-,ACCESSORIES,998525,Nos,,ACCESSORIES Security Guard Caps,,0,0,0,1,1,0,52,75,0,,,0,,ACCESSORIES Security Guard Caps,0,31-12-2099,Purchase,,,0,,0,0,,0,0,0,0,,0,Item Attribute,1,,0,5,0,0,0,,,India,,,1,0,,0,0,,0,0,0,0,,,0,0,0,,0,,,,,,0,,,0,,,,,,,,,,,,,"""7d02139c7a""",Nos,1,,,,,,,,,,"""b096f41438""",LMC Security Force pvt ltd.,Stores - LMC,customer wise price list,,,,,Sales - LMC,,,,,,,,,,,,,,,,,,,,
,"""STO-ITEM-2018-00002""",STO-ITEM-.YYYY.-,SERVICE ITEM,998525,TDays,,T GUARD SERVICES,,0,0,0,0,0,0,0,0,0,,,10000,,T GUARD SERVICES,0,31-12-2099,Purchase,,,0,,0,0,,0,0,0,0,,0,Item Attribute,0,,0,0,0,0,0,,,India,,Day,1,0,,0,0,,0,0,0,0,,,0,0,0,,0,,,,,,0,,,0,,,,,,,,,,,,,"""94e35c34d5""",THRS,24,,,,,,,,,,"""ec075f04a9""",LMC Security Force pvt ltd.,Stores - LMC,Customer wise price list 31 days,,,,,Sales - LMC,,,,,,"""ed636e49bb""",998525,aam services india pvt ltd,All Customer Groups,,"""8fefe60388""",CGST - LMC,9,,,,,,,
,,,,,,,,,,,,,,,,,,,,,,,,,,,,,,,,,,,,,,,,,,,,,,,,,,,,,,,,,,,,,,,,,,,,,,,,,,,,,,,,,,,,,,,,,,"""3ab6057790""",TDays,1,,,,,,,,,,,,,,,,,,,,,,,,,,,,,"""98e26085f6""",SGST - LMC,9,,,,,,,
,,,,,,,,,,,,,,,,,,,,,,,,,,,,,,,,,,,,,,,,,,,,,,,,,,,,,,,,,,,,,,,,,,,,,,,,,,,,,,,,,,,,,,,,,,,,,,,,,,,,,,,,,,,,,,,,,,,,,,,,,"""1554c0487e""",IGST - LMC,18,,,,,,,
,"""STO-ITEM-2018-00003""",STO-ITEM-.YYYY.-,SERVICE ITEM,998525,TDays,,T GUARD SERVICES 2,,0,0,0,0,0,0,0,0,0,,,10000,,T GUARD SERVICES 2,0,31-12-2099,Purchase,,,0,,0,0,,0,0,0,0,,0,Item Attribute,0,,0,0,0,0,0,,,India,,Day,1,0,,0,0,,0,0,0,0,,,0,0,0,,0,,,,,,0,,,0,,,,,,,,,,,,,"""0f61b304ed""",TDays,1,,,,,,,,,,"""e375bccae3""",LMC Security Force pvt ltd.,Stores - LMC,Customer wise price list 31 days,,,,,Sales - LMC,,,,,,"""b41fbb6848""",998525,aam services india pvt ltd,All Customer Groups,,"""1befc76363""",CGST - LMC,9,,,,,,,
,,,,,,,,,,,,,,,,,,,,,,,,,,,,,,,,,,,,,,,,,,,,,,,,,,,,,,,,,,,,,,,,,,,,,,,,,,,,,,,,,,,,,,,,,,,,,,,,,,,,,,,,,,,,,,,,,,,,,,,,,"""4da85a7987""",SGST - LMC,9,,,,,,,
,,,,,,,,,,,,,,,,,,,,,,,,,,,,,,,,,,,,,,,,,,,,,,,,,,,,,,,,,,,,,,,,,,,,,,,,,,,,,,,,,,,,,,,,,,,,,,,,,,,,,,,,,,,,,,,,,,,,,,,,,"""f2c93cd755""",IGST - LMC,18,,,,,,,
,"""STO-ITEM-2018-00001""",STO-ITEM-.YYYY.-,SERVICE ITEM,998525,TDays,,STO-ITEM-2018-00001,,0,0,0,0,1,0,0,0,0,,,0,,STO-ITEM-2018-00001,0,31-12-2099,Purchase,,,0,,0,0,,0,0,0,0,,0,Item Attribute,1,,0,0,0,0,0,,,India,,,1,0,,0,0,,0,0,0,0,,,0,0,0,,0,,,,,,0,,,0,,,,,,,,,,,,,"""a5ba992bf0""",TDays,1,,,,,,,,,,"""9aa8e5b5de""",LMC Security Force pvt ltd.,,,,,,,,,,,,,,,,,,,,,,,,,,,
,"""10005""",STO-ITEM-.YYYY.-,SERVICE ITEM,998525,Day,,SECURITY GUARD CHARGES,,0,0,0,0,1,0,0,0,0,,,0,,SECURITY GUARD CHARGES,0,31-12-2099,Purchase,,,0,,0,0,,0,0,0,0,,0,Item Attribute,1,,0,0,0,0,0,,,India,,,1,0,,0,0,,0,0,0,0,,,0,0,0,,0,,,,,,0,,,0,,,,,,,,,,,,,"""354db10c84""",Day,1,,,,,,,,,,"""fc4c3f25f9""",LMC Security Force pvt ltd.,,,,,,,,,,,,,,,,,,,,,,,,,,,
,"""10003""",STO-ITEM-.YYYY.-,SERVICE ITEM,998525,Day,,"W/B,COMP.OPER,H/G,DRIVER",,0,0,0,0,0,0,0,0,0,,,0,,10003,0,31-12-2099,Purchase,,,0,,0,0,,0,0,0,0,,0,Item Attribute,0,,0,0,0,0,0,,,India,,Day,1,0,,0,0,,0,0,0,0,,,0,0,0,,0,,,,,,0,,,0,,,,,,,,,,,,,"""2b68632807""",Day,1,,,,,,,,,,"""a848f4c180""",LMC Security Force pvt ltd.,Stores - LMC,Customer wise price list 31 days,,,,,Sales - LMC,,,,,,,,,,,"""d540d07d6c""",TDS Payable - LMC,2,,,,,,,
,,,,,,,,,,,,,,,,,,,,,,,,,,,,,,,,,,,,,,,,,,,,,,,,,,,,,,,,,,,,,,,,,,,,,,,,,,,,,,,,,,,,,,,,,,,,,,,,,,,,,,,,,,,,,,,,,,,,,,,,,"""2b17beba37""",CGST - LMC,9,,,,,,,
,,,,,,,,,,,,,,,,,,,,,,,,,,,,,,,,,,,,,,,,,,,,,,,,,,,,,,,,,,,,,,,,,,,,,,,,,,,,,,,,,,,,,,,,,,,,,,,,,,,,,,,,,,,,,,,,,,,,,,,,,"""28055004f2""",SGST - LMC,9,,,,,,,
,,,,,,,,,,,,,,,,,,,,,,,,,,,,,,,,,,,,,,,,,,,,,,,,,,,,,,,,,,,,,,,,,,,,,,,,,,,,,,,,,,,,,,,,,,,,,,,,,,,,,,,,,,,,,,,,,,,,,,,,,"""03b5239c3c""",IGST - LMC,18,,,,,,,
,"""10004""",STO-ITEM-.YYYY.-,SERVICE ITEM,998525,Day,,CIVIL SEC SUPERVISOR,,0,0,0,0,0,0,0,0,0,,,0,,10004,0,31-12-2099,Purchase,,,0,,0,0,,0,0,0,0,,0,Item Attribute,0,,0,0,0,0,0,,,India,,Day,1,0,,0,0,,0,0,0,0,,,0,0,0,,0,,,,,,0,,,0,,,,,,,,,,,,,"""95b7eea116""",Day,1,,,,,,,,,,"""5be38f5d6f""",LMC Security Force pvt ltd.,Stores - LMC,Customer wise price list 31 days,,,,,Sales - LMC,,,,,,,,,,,"""2f62921ac5""",TDS Payable - LMC,2,,,,,,,
,,,,,,,,,,,,,,,,,,,,,,,,,,,,,,,,,,,,,,,,,,,,,,,,,,,,,,,,,,,,,,,,,,,,,,,,,,,,,,,,,,,,,,,,,,,,,,,,,,,,,,,,,,,,,,,,,,,,,,,,,"""080fd5495b""",CGST - LMC,9,,,,,,,
,,,,,,,,,,,,,,,,,,,,,,,,,,,,,,,,,,,,,,,,,,,,,,,,,,,,,,,,,,,,,,,,,,,,,,,,,,,,,,,,,,,,,,,,,,,,,,,,,,,,,,,,,,,,,,,,,,,,,,,,,"""6e01b01e7c""",SGST - LMC,9,,,,,,,
,,,,,,,,,,,,,,,,,,,,,,,,,,,,,,,,,,,,,,,,,,,,,,,,,,,,,,,,,,,,,,,,,,,,,,,,,,,,,,,,,,,,,,,,,,,,,,,,,,,,,,,,,,,,,,,,,,,,,,,,,"""c695316b85""",IGST - LMC,18,,,,,,,
,"""10002""",STO-ITEM-.YYYY.-,SERVICE ITEM,998525,Day,,"W/B,COMP.OPER,H/G,DRIVER",,0,0,0,0,0,0,0,0,0,,,0,,10002,0,31-12-2099,Purchase,,,0,,0,0,,0,0,0,0,,0,Item Attribute,0,,0,0,0,0,0,,,India,,Day,1,0,,0,0,,0,0,0,0,,,0,0,0,,0,,,,,,0,,,0,,,,,,,,,,,,,"""cfa4d1dcbd""",Day,1,,,,,,,,,,"""25e7a523ee""",LMC Security Force pvt ltd.,Stores - LMC,Customer wise price list 31 days,,,,,Sales - LMC,,,,,,,,,,,"""d7df289da6""",TDS Payable - LMC,2,,,,,,,
,,,,,,,,,,,,,,,,,,,,,,,,,,,,,,,,,,,,,,,,,,,,,,,,,,,,,,,,,,,,,,,,,,,,,,,,,,,,,,,,,,,,,,,,,,,,,,,,,,,,,,,,,,,,,,,,,,,,,,,,,"""05f2dcb80c""",CGST - LMC,9,,,,,,,
,,,,,,,,,,,,,,,,,,,,,,,,,,,,,,,,,,,,,,,,,,,,,,,,,,,,,,,,,,,,,,,,,,,,,,,,,,,,,,,,,,,,,,,,,,,,,,,,,,,,,,,,,,,,,,,,,,,,,,,,,"""3bca794b2a""",SGST - LMC,9,,,,,,,
,,,,,,,,,,,,,,,,,,,,,,,,,,,,,,,,,,,,,,,,,,,,,,,,,,,,,,,,,,,,,,,,,,,,,,,,,,,,,,,,,,,,,,,,,,,,,,,,,,,,,,,,,,,,,,,,,,,,,,,,,"""1d7ef0bb4d""",IGST - LMC,18,,,,,,,
,"""AC0002""",STO-ITEM-.YYYY.-,ACCESSORIES,998525,Nos,,ACCESSORIES Blue Line Yard,,0,0,0,1,0,283,15,30,0,,,0,,ACCESSORIES Blue Line Yard,0,31-12-2099,Purchase,,,0,,0,0,,0,0,0,0,,0,Item Attribute,1,,0,0,0,0,0,,,India,,,1,0,,0,0,,0,0,0,0,,,0,0,0,,0,,,,,,0,,,0,,,,,,,,,,,,,"""994eb217f5""",Nos,1,,,,,,,,,,"""3dbff51a74""",LMC Security Force pvt ltd.,,,,,,,Sales - LMC,,,,,,,,,,,,,,,,,,,,
,"""CD0006""",STO-ITEM-.YYYY.-,CERMONIAL DRESS,998525,Nos,,CERMONIAL DRESS RED SILKEN SASH,,0,0,0,1,1,0,0,0,0,,,0,,CERMONIAL DRESS RED SILKEN SASH,0,31-12-2099,Purchase,,,0,,0,0,,0,0,0,0,,0,Item Attribute,1,,0,0,0,0,0,,,India,,,1,0,,0,0,,0,0,0,0,,,0,0,0,,0,,,,,,0,,,0,,,,,,,,,,,,,"""1637a0eaa4""",Nos,1,,,,,,,,,,"""59ae674ce9""",LMC Security Force pvt ltd.,,,,,,,,,,,,,,,,,,,,,,,,,,,
,"""CD0005""",STO-ITEM-.YYYY.-,CERMONIAL DRESS,998525,Nos,,CERMONIAL DRESS SLEEVES WHITE TERYCOT,,0,0,0,1,1,0,0,0,0,,,0,,CERMONIAL DRESS SLEEVES WHITE TERYCOT,0,31-12-2099,Purchase,,,0,,0,0,,0,0,0,0,,0,Item Attribute,1,,0,0,0,0,0,,,India,,,1,0,,0,0,,0,0,0,0,,,0,0,0,,0,,,,,,0,,,0,,,,,,,,,,,,,"""39c7b73180""",Nos,1,,,,,,,,,,"""21cdf5063f""",LMC Security Force pvt ltd.,,,,,,,,,,,,,,,,,,,,,,,,,,,
,"""CD0004""",STO-ITEM-.YYYY.-,CERMONIAL DRESS,998525,Nos,,CERMONIAL DRESS ANKLETS WHITE TERYCOT,,0,0,0,1,1,0,0,0,0,,,0,,CERMONIAL DRESS ANKLETS WHITE TERYCOT,0,31-12-2099,Purchase,,,0,,0,0,,0,0,0,0,,0,Item Attribute,1,,0,0,0,0,0,,,India,,,1,0,,0,0,,0,0,0,0,,,0,0,0,,0,,,,,,0,,,0,,,,,,,,,,,,,"""6c2c2216c3""",Nos,1,,,,,,,,,,"""3324cf6a55""",LMC Security Force pvt ltd.,,,,,,,,,,,,,,,,,,,,,,,,,,,
,"""CD0003""",STO-ITEM-.YYYY.-,CERMONIAL DRESS,998525,Nos,,CERMONIAL DRESS KAMARBANDH WITH JHALLAR,,0,0,0,1,1,0,0,0,0,,,0,,CERMONIAL DRESS KAMARBANDH WITH JHALLAR,0,31-12-2099,Purchase,,,0,,0,0,,0,0,0,0,,0,Item Attribute,1,,0,0,0,0,0,,,India,,,1,0,,0,0,,0,0,0,0,,,0,0,0,,0,,,,,,0,,,0,,,,,,,,,,,,,"""be3cadbffe""",Nos,1,,,,,,,,,,"""8cb7400eac""",LMC Security Force pvt ltd.,,,,,,,,,,,,,,,,,,,,,,,,,,,
,"""CD0002""",STO-ITEM-.YYYY.-,CERMONIAL DRESS,998525,Nos,,CERMONIAL DRESS SCARF RED / BLUE,,0,0,0,1,1,0,0,0,0,,,0,,CERMONIAL DRESS SCARF RED / BLUE,0,31-12-2099,Purchase,,,0,,0,0,,0,0,0,0,,0,Item Attribute,1,,0,0,0,0,0,,,India,,,1,0,,0,0,,0,0,0,0,,,0,0,0,,0,,,,,,0,,,0,,,,,,,,,,,,,"""aa1e60ec82""",Nos,1,,,,,,,,,,"""1426a16542""",LMC Security Force pvt ltd.,,,,,,,,,,,,,,,,,,,,,,,,,,,
,"""CD0001""",STO-ITEM-.YYYY.-,CERMONIAL DRESS,998525,Nos,,CERMONIAL DRESS PAGARI - RED/BLUE,,0,0,0,1,1,0,0,0,0,,,0,,CERMONIAL DRESS PAGARI - RED/BLUE,0,31-12-2099,Purchase,,,0,,0,0,,0,0,0,0,,0,Item Attribute,1,,0,0,0,0,0,,,India,,,1,0,,0,0,,0,0,0,0,,,0,0,0,,0,,,,,,0,,,0,,,,,,,,,,,,,"""7c449df301""",Nos,1,,,,,,,,,,"""1706e845a0""",LMC Security Force pvt ltd.,,,,,,,,,,,,,,,,,,,,,,,,,,,
,"""AC0007""",STO-ITEM-.YYYY.-,ACCESSORIES,998525,Nos,,ACCESSORIES Supervisor Belts,,0,0,0,1,1,0,0,0,0,,,0,,AC0007,0,31-12-2099,Purchase,,,0,,0,0,,0,0,0,0,,0,Item Attribute,1,,0,0,0,0,0,,,India,,,1,0,,0,0,,0,0,0,0,,,0,0,0,,0,,,,,,0,,,0,,,,,,,,,,,,,"""57a53856fc""",Nos,1,,,,,,,,,,"""c5c19d4bd9""",LMC Security Force pvt ltd.,Stores - LMC,,,,,,,,,,,,,,,,,,,,,,,,,,
,"""AC0012""",STO-ITEM-.YYYY.-,ACCESSORIES,998525,Nos,,ACCESSORIES RAIN COAT,,0,0,0,1,1,0,0,0,0,,,0,,ACCESSORIES RAIN COAT,0,31-12-2099,Purchase,,,0,,0,0,,0,0,0,0,,0,Item Attribute,1,,0,0,0,0,0,,,India,,,1,0,,0,0,,0,0,0,0,,,0,0,0,,0,,,,,,0,,,0,,,,,,,,,,,,,"""a55feced53""",Nos,1,,,,,,,,,,"""3b9a336634""",LMC Security Force pvt ltd.,,,,,,,,,,,,,,,,,,,,,,,,,,,
,"""AC0011""",STO-ITEM-.YYYY.-,ACCESSORIES,998525,Nos,,ACCESSORIES JERSEY (Swetars),,0,0,0,1,1,0,0,0,0,,,0,,ACCESSORIES JERSEY (Swetars),0,31-12-2099,Purchase,,,0,,0,0,,0,0,0,0,,0,Item Attribute,1,,0,0,0,0,0,,,India,,,1,0,,0,0,,0,0,0,0,,,0,0,0,,0,,,,,,0,,,0,,,,,,,,,,,,,"""5acc9cda2a""",Nos,1,,,,,,,,,,"""8c6854a11e""",LMC Security Force pvt ltd.,,,,,,,,,,,,,,,,,,,,,,,,,,,
,"""AC0010""",STO-ITEM-.YYYY.-,ACCESSORIES,998525,Nos,,ACCESSORIES Lathi,,0,0,0,1,1,0,0,0,0,,,0,,ACCESSORIES Lathi,0,31-12-2099,Purchase,,,0,,0,0,,0,0,0,0,,0,Item Attribute,1,,0,0,0,0,0,,,India,,,1,0,,0,0,,0,0,0,0,,,0,0,0,,0,,,,,,0,,,0,,,,,,,,,,,,,"""7291e0de5b""",Nos,1,,,,,,,,,,"""0879917354""",LMC Security Force pvt ltd.,,,,,,,,,,,,,,,,,,,,,,,,,,,
,"""AC0009""",STO-ITEM-.YYYY.-,ACCESSORIES,998525,Nos,,ACCESSORIES Socks,,0,0,0,1,1,0,0,0,0,,,0,,ACCESSORIES Socks,0,31-12-2099,Purchase,,,0,,0,0,,0,0,0,0,,0,Item Attribute,1,,0,0,0,0,0,,,India,,,1,0,,0,0,,0,0,0,0,,,0,0,0,,0,,,,,,0,,,0,,,,,,,,,,,,,"""acb00e570b""",Nos,1,,,,,,,,,,"""3aae39a40a""",LMC Security Force pvt ltd.,,,,,,,Sales - LMC,,,,,,,,,,,,,,,,,,,,
,"""AC0008""",STO-ITEM-.YYYY.-,ACCESSORIES,998525,Nos,,ACCESSORIES Plastic Batton,,0,0,0,1,1,0,0,0,0,,,0,,ACCESSORIES Plastic Batton,0,31-12-2099,Purchase,,,0,,0,0,,0,0,0,0,,0,Item Attribute,1,,0,0,0,0,0,,,India,,,1,0,,0,0,,0,0,0,0,,,0,0,0,,0,,,,,,0,,,0,,,,,,,,,,,,,"""0f3b407f69""",Nos,1,,,,,,,,,,"""b2db17d5c3""",LMC Security Force pvt ltd.,,,,,,,,,,,,,,,,,,,,,,,,,,,
,"""AC0006""",STO-ITEM-.YYYY.-,ACCESSORIES,998525,Nos,,ACCESSORIES Security Guard Belts,,0,0,0,1,1,0,0,0,0,,,0,,ACCESSORIES Security Guard Belts,0,31-12-2099,Purchase,,,0,,0,0,,0,0,0,0,,0,Item Attribute,1,,0,0,0,0,0,,,India,,,1,0,,0,0,,0,0,0,0,,,0,0,0,,0,,,,,,0,,,0,,,,,,,,,,,,,"""ca6af8d5ac""",Nos,1,,,,,,,,,,"""abec495ab8""",LMC Security Force pvt ltd.,,,,,,,,,,,,,,,,,,,,,,,,,,,
,"""AC0005""",STO-ITEM-.YYYY.-,ACCESSORIES,998525,Nos,,ACCESSORIES Supervisor TIE,,0,0,0,1,1,0,0,0,0,,,0,,ACCESSORIES Supervisor TIE,0,31-12-2099,Purchase,,,0,,0,0,,0,0,0,0,,0,Item Attribute,1,,0,0,0,0,0,,,India,,,1,0,,0,0,,0,0,0,0,,,0,0,0,,0,,,,,,0,,,0,,,,,,,,,,,,,"""dbf19f9452""",Nos,1,,,,,,,,,,"""a2f9de27e3""",LMC Security Force pvt ltd.,,,,,,,,,,,,,,,,,,,,,,,,,,,
,"""AC0004""",STO-ITEM-.YYYY.-,ACCESSORIES,998525,Nos,,ACCESSORIES Supervisor Cap,,0,0,0,1,1,0,0,0,0,,,0,,ACCESSORIES Supervisor Cap,0,31-12-2099,Purchase,,,0,,0,0,,0,0,0,0,,0,Item Attribute,1,,0,0,0,0,0,,,India,,,1,0,,0,0,,0,0,0,0,,,0,0,0,,0,,,,,,0,,,0,,,,,,,,,,,,,"""f89e5ad789""",Nos,1,,,,,,,,,,"""5b78aec396""",LMC Security Force pvt ltd.,,,,,,,,,,,,,,,,,,,,,,,,,,,
,"""LG0008""",STO-ITEM-.YYYY.-,Consumable,998525,Nos,,LADY GUARD UNIFORM Size 42,,0,0,0,1,1,5,620,670,0,,,0,,LG0008,0,31-12-2099,Purchase,,,0,,0,0,,0,0,0,0,,0,Item Attribute,1,,0,20,0,630,0,,,India,,,1,0,,0,0,,0,0,0,0,,,0,0,0,,0,,,,,,0,,,0,,,,,,,,,,,,,"""a3e52e63ff""",Nos,1,,,,,,,,,,"""9fd1c03638""",LMC Security Force pvt ltd.,Stores - LMC,Standard Buying,,,,,,,,,,,,,,,,,,,,,,,,,
,"""LG0007""",STO-ITEM-.YYYY.-,Consumable,998525,Nos,,LADY GUARD UNIFORM Size 40,,0,0,0,1,1,22,620,670,0,,,0,,LG0007,0,31-12-2099,Purchase,,,0,,0,0,,0,0,0,0,,0,Item Attribute,1,,0,20,0,0,0,,,India,,,1,0,,0,0,,0,0,0,0,,,0,0,0,,0,,,,,,0,,,0,,,,,,,,,,,,,"""e2108e43cd""",Nos,1,,,,,,,,,,"""cb2a4a8929""",LMC Security Force pvt ltd.,Stores - LMC,Standard Buying,,,,,,,,,,,,,,,,,,,,,,,,,
,"""LG0006""",STO-ITEM-.YYYY.-,Consumable,998525,Nos,,LADY GUARD UNIFORM Size 38,,0,0,0,1,1,22,620,670,0,,,0,,LG0006,0,31-12-2099,Purchase,,,0,,0,0,,0,0,0,0,,0,Item Attribute,1,,0,20,0,0,0,,,India,,,1,0,,0,0,,0,0,0,0,,,0,0,0,,0,,,,,,0,,,0,,,,,,,,,,,,,"""fbc6691c16""",Nos,1,,,,,,,,,,"""06da5ada60""",LMC Security Force pvt ltd.,Stores - LMC,Standard Buying,,,,,,,,,,,,,,,,,,,,,,,,,
,"""LG0005""",STO-ITEM-.YYYY.-,Consumable,998525,Nos,,LADY GUARD UNIFORM Size 36,,0,0,0,1,1,12,620,670,0,,,0,,LG0005,0,31-12-2099,Purchase,,,0,,0,0,,0,0,0,0,,0,Item Attribute,1,,0,20,0,0,0,,,India,,,1,0,,0,0,,0,0,0,0,,,0,0,0,,0,,,,,,0,,,0,,,,,,,,,,,,,"""3a2e5d9765""",Nos,1,,,,,,,,,,"""daca730e5c""",LMC Security Force pvt ltd.,Stores - LMC,Standard Buying,,,,,,,,,,,,,,,,,,,,,,,,,
,"""LG0004""",STO-ITEM-.YYYY.-,Consumable,998525,Nos,,LADY GUARD UNIFORM Size 34,,0,0,0,1,1,1,620,670,0,,,0,,LG0004,0,31-12-2099,Purchase,,,0,,0,0,,0,0,0,0,,0,Item Attribute,1,,0,20,0,0,0,,,India,,,1,0,,0,0,,0,0,0,0,,,0,0,0,,0,,,,,,0,,,0,,,,,,,,,,,,,"""fa1b1705db""",Nos,1,,,,,,,,,,"""0bd276f045""",LMC Security Force pvt ltd.,Stores - LMC,Standard Buying,,,,,,,,,,,,,,,,,,,,,,,,,
,"""LG0003""",STO-ITEM-.YYYY.-,Consumable,998525,Nos,,LADY GUARD UNIFORM Size 32,,0,0,0,1,1,6,620,670,0,,,0,,LG0003,0,31-12-2099,Purchase,,,0,,0,0,,0,0,0,0,,0,Item Attribute,1,,0,20,0,0,0,,,India,,,1,0,,0,0,,0,0,0,0,,,0,0,0,,0,,,,,,0,,,0,,,,,,,,,,,,,"""913f15a899""",Nos,1,,,,,,,,,,"""21ce73a39e""",LMC Security Force pvt ltd.,Stores - LMC,Standard Buying,,,,,,,,,,,,,,,,,,,,,,,,,
,"""LG0002""",STO-ITEM-.YYYY.-,Consumable,998525,Nos,,LADY GUARD UNIFORM Size 30,,0,0,0,1,1,12,620,670,0,,,0,,LG0002,0,31-12-2099,Purchase,,,0,,0,0,,0,0,0,0,,0,Item Attribute,1,,0,20,0,0,0,,,India,,,1,0,,0,0,,0,0,0,0,,,0,0,0,,0,,,,,,0,,,0,,,,,,,,,,,,,"""adde6c5843""",Nos,1,,,,,,,,,,"""11eeb163f0""",LMC Security Force pvt ltd.,Stores - LMC,Standard Buying,,,,,,,,,,,,,,,,,,,,,,,,,
,"""LG0001""",STO-ITEM-.YYYY.-,Consumable,998525,Nos,,LADY GUARD UNIFORM Size 28,,0,0,0,1,1,19,620,670,0,,,0,,LG0001,0,31-12-2099,Purchase,,,0,,0,0,,0,0,0,0,,0,Item Attribute,1,,0,20,0,0,0,,,India,,,1,0,,0,0,,0,0,0,0,,,0,0,0,,0,,,,,,0,,,0,,,,,,,,,,,,,"""da972f538b""",Nos,1,,,,,,,,,,"""2d7fbb3215""",LMC Security Force pvt ltd.,Stores - LMC,Standard Buying,,,,,Sales - LMC,,,,,,,,,,,,,,,,,,,,
,"""SH0005""",STO-ITEM-.YYYY.-,Consumable,998525,Nos,,SHOES Size 06,,0,0,0,1,1,23,425,530,0,,,0,,SH0005,0,31-12-2099,Purchase,,,0,,0,0,,0,0,0,0,,0,Item Attribute,1,,0,20,0,0,0,,,India,,,1,0,,0,0,,0,0,0,0,,,0,0,0,,0,,,,,,0,,,0,,,,,,,,,,,,,"""63a325328f""",Nos,1,,,,,,,,,,"""bcafc1803b""",LMC Security Force pvt ltd.,Stores - LMC,Standard Buying,,,,,,,,,,,,,,,,,,,,,,,,,
,"""SH0004""",STO-ITEM-.YYYY.-,Consumable,998525,Nos,,SHOES Size 07,,0,0,0,1,1,1,425,530,0,,,0,,SH0004,0,31-12-2099,Purchase,,,0,,0,0,,0,0,0,0,,0,Item Attribute,1,,0,20,0,0,0,,,India,,,1,0,,0,0,,0,0,0,0,,,0,0,0,,0,,,,,,0,,,0,,,,,,,,,,,,,"""9317891c85""",Nos,1,,,,,,,,,,"""8ed6038e1d""",LMC Security Force pvt ltd.,Stores - LMC,Standard Buying,,,,,,,,,,,,,,,,,,,,,,,,,
,"""SH0003""",STO-ITEM-.YYYY.-,Consumable,998525,Nos,,SHOES Size 08,,0,0,0,1,1,2,425,530,0,,,0,,SH0003,0,31-12-2099,Purchase,,,0,,0,0,,0,0,0,0,,0,Item Attribute,1,,0,20,0,0,0,,,India,,,1,0,,0,0,,0,0,0,0,,,0,0,0,,0,,,,,,0,,,0,,,,,,,,,,,,,"""c3fb2d4edc""",Nos,1,,,,,,,,,,"""fff5442936""",LMC Security Force pvt ltd.,Stores - LMC,Standard Buying,,,,,,,,,,,,,,,,,,,,,,,,,
,"""SH0002""",STO-ITEM-.YYYY.-,Consumable,998525,Nos,,SHOES Size 09,,0,0,0,1,1,0,425,530,0,,,0,,SH0002,0,31-12-2099,Purchase,,,0,,0,0,,0,0,0,0,,0,Item Attribute,1,,0,20,0,0,0,,,India,,,1,0,,0,0,,0,0,0,0,,,0,0,0,,0,,,,,,0,,,0,,,,,,,,,,,,,"""0b93aedb63""",Nos,1,,,,,,,,,,"""fcc7e77764""",LMC Security Force pvt ltd.,Stores - LMC,Standard Buying,,,,,,,,,,,,,,,,,,,,,,,,,
,"""SH0001""",STO-ITEM-.YYYY.-,Consumable,998525,Nos,,SHOES Size 10,,0,0,0,1,1,0,425,530,0,,,0,,SH0001,0,31-12-2099,Purchase,,,0,,0,0,,0,0,0,0,,0,Item Attribute,1,,0,20,0,0,0,,,India,,,1,0,,0,0,,0,0,0,0,,,0,0,0,,0,,,,,,0,,,0,,,,,,,,,,,,,"""d2bbe6aea2""",Nos,1,,,,,,,,,,"""068f7b4035""",LMC Security Force pvt ltd.,Stores - LMC,Standard Buying,,,,,,,,,,,,,,,,,,,,,,,,,
,"""SG0011""",STO-ITEM-.YYYY.-,Consumable,998525,Nos,,SECURITY GUARD UNIFORM Size 48,,0,0,0,1,1,0,575,650,0,,,0,,SG0011,0,31-12-2099,Purchase,,,0,,0,0,,0,0,0,0,,0,Item Attribute,1,,0,20,0,0,0,,,India,,,1,0,,0,0,,0,0,0,0,,,0,0,0,,0,,,,,,0,,,0,,,,,,,,,,,,,"""dfdf94624d""",Nos,1,,,,,,,,,,"""66ffcec98c""",LMC Security Force pvt ltd.,Stores - LMC,Standard Buying,,,,,,,,,,,,,,,,,,,,,,,,,
,"""SG0010""",STO-ITEM-.YYYY.-,Consumable,998525,Nos,,SECURITY GUARD UNIFORM Size 46,,0,0,0,1,1,2,575,650,0,,,0,,SG0010,0,31-12-2099,Purchase,,,0,,0,0,,0,0,0,0,,0,Item Attribute,1,,0,20,0,0,0,,,India,,,1,0,,0,0,,0,0,0,0,,,0,0,0,,0,,,,,,0,,,0,,,,,,,,,,,,,"""8531dbc48b""",Nos,1,,,,,,,,,,"""e68786a080""",LMC Security Force pvt ltd.,Stores - LMC,Standard Buying,,,,,,,,,,,,,,,,,,,,,,,,,
,"""SG0009""",STO-ITEM-.YYYY.-,Consumable,998525,Nos,,SECURITY GUARD UNIFORM Size 44,,0,0,0,1,1,4,575,650,0,,,0,,SG0009,0,31-12-2099,Purchase,,,0,,0,0,,0,0,0,0,,0,Item Attribute,1,,0,20,0,0,0,,,India,,,1,0,,0,0,,0,0,0,0,,,0,0,0,,0,,,,,,0,,,0,,,,,,,,,,,,,"""c90fc0ed5d""",Nos,1,,,,,,,,,,"""1a15e2c960""",LMC Security Force pvt ltd.,Stores - LMC,Standard Buying,,,,,,,,,,,,,,,,,,,,,,,,,
,"""SG0008""",STO-ITEM-.YYYY.-,Consumable,998525,Nos,,SECURITY GUARD UNIFORM Size 42,,0,0,0,1,1,24,575,650,0,,,0,,SG0008,0,31-12-2099,Purchase,,,0,,0,0,,0,0,0,0,,0,Item Attribute,1,,0,20,0,0,0,,,India,,,1,0,,0,0,,0,0,0,0,,,0,0,0,,0,,,,,,0,,,0,,,,,,,,,,,,,"""f8b56781c6""",Nos,1,,,,,,,,,,"""7ba163d086""",LMC Security Force pvt ltd.,Stores - LMC,Standard Buying,,,,,,,,,,,,,,,,,,,,,,,,,
,"""SG0006""",STO-ITEM-.YYYY.-,Consumable,998525,Nos,,SECURITY GUARD UNIFORM Size 38,,0,0,0,1,1,30,575,650,0,,,0,,SG0006,0,31-12-2099,Purchase,,,0,,0,0,,0,0,0,0,,0,Item Attribute,1,,0,20,0,0,0,,,India,,,1,0,,0,0,,0,0,0,0,,,0,0,0,,0,,,,,,0,,,0,,,,,,,,,,,,,"""24d55a8ca5""",Nos,1,,,,,,,,,,"""f40cac3a04""",LMC Security Force pvt ltd.,Stores - LMC,Standard Buying,,,,,,,,,,,,,,,,,,,,,,,,,
,"""SG0005""",STO-ITEM-.YYYY.-,Consumable,998525,Nos,,SECURITY GUARD UNIFORM Size 36,,0,0,0,1,1,0,575,650,0,,,0,,SG0005,0,31-12-2099,Purchase,,,0,,0,0,,0,0,0,0,,0,Item Attribute,1,,0,20,0,0,0,,,India,,,1,0,,0,0,,0,0,0,0,,,0,0,0,,0,,,,,,0,,,0,,,,,,,,,,,,,"""b32aab4afd""",Nos,1,,,,,,,,,,"""e26f52e24f""",LMC Security Force pvt ltd.,Stores - LMC,Standard Buying,,,,,,,,,,,,,,,,,,,,,,,,,
,"""SG0004""",STO-ITEM-.YYYY.-,Consumable,998525,Nos,,SECURITY GUARD UNIFORM Size 34,,0,0,0,1,1,58,575,650,0,,,0,,SG0004,0,31-12-2099,Purchase,,,0,,0,0,,0,0,0,0,,0,Item Attribute,1,,0,20,0,0,0,,,India,,,1,0,,0,0,,0,0,0,0,,,0,0,0,,0,,,,,,0,,,0,,,,,,,,,,,,,"""33781759ed""",Nos,1,,,,,,,,,,"""0cc214246a""",LMC Security Force pvt ltd.,Stores - LMC,Standard Buying,,,,,,,,,,,,,,,,,,,,,,,,,
,"""SG0003""",STO-ITEM-.YYYY.-,Consumable,998525,Nos,,SECURITY GUARD UNIFORM Size 32,,0,0,0,1,1,126,575,650,0,,,0,,SG0003,0,31-12-2099,Purchase,,,0,,0,0,,0,0,0,0,,0,Item Attribute,1,,0,20,0,0,0,,,India,,,1,0,,0,0,,0,0,0,0,,,0,0,0,,0,,,,,,0,,,0,,,,,,,,,,,,,"""14561e011a""",Nos,1,,,,,,,,,,"""0a86b88969""",LMC Security Force pvt ltd.,Stores - LMC,Standard Buying,,,,,,,,,,,,,,,,,,,,,,,,,
,"""SG0002""",STO-ITEM-.YYYY.-,Consumable,998525,Nos,,SECURITY GUARD UNIFORM Size 30,,0,0,0,1,1,130,575,650,0,,,0,,SG0002,0,31-12-2099,Purchase,,,0,,0,0,,0,0,0,0,,0,Item Attribute,1,,0,20,0,0,0,,,India,,,1,0,,0,0,,0,0,0,0,,,0,0,0,,0,,,,,,0,,,0,,,,,,,,,,,,,"""1a7cfbaf06""",Nos,1,,,,,,,,,,"""f6b33eaf77""",LMC Security Force pvt ltd.,Stores - LMC,Standard Buying,,,,,,,,,,,,,,,,,,,,,,,,,
,"""SG0001""",STO-ITEM-.YYYY.-,Consumable,998525,Nos,,SECURITY GUARD UNIFORM Size 28,,0,0,0,1,1,12,575,650,0,,,0,,SECURITY GUARD UNIFORM Size 28,0,31-12-2099,Purchase,,,0,,0,0,,0,0,0,0,,0,Item Attribute,1,,0,5,0,0,0,,,India,,,1,0,,0,0,,0,0,0,0,,,0,0,0,,0,,,,,,0,,,0,,,,,,,,,,,,,"""96bd2659ca""",Nos,1,,,,,,,,,,"""cca4c93ce5""",LMC Security Force pvt ltd.,Stores - LMC,Standard Buying,,,,,,,,,,,,,,,,,,,,,,,,,
